text,label
I love this product,positive
This is amazing,positive
Absolutely fantastic service,positive
Great quality and fast delivery,positive
Very satisfied with my purchase,positive
Excellent experience overall,positive
I am very happy with this,positive
Best product I have ever used,positive
Highly recommend this item,positive
Works perfectly as expected,positive
I really enjoyed using this,positive
The design is beautiful and elegant,positive
Customer support was very helpful,positive
This exceeded my expectations,positive
Worth every penny,positive
Superb performance and quality,positive
I am impressed with this product,positive
Everything works flawlessly,positive
Five stars for this product,positive
I would buy this again,positive
Very reliable and efficient,positive
Outstanding service and quality,positive
This made my life easier,positive
Great value for money,positive
Totally satisfied with the results,positive
I love how easy it is to use,positive
Really good and useful product,positive
Top-notch quality,positive
This is exactly what I needed,positive
Very pleased with the purchase,positive
This is the worst product ever,negative
I hate this product,negative
Very disappointing experience,negative
Terrible customer support,negative
Poor quality and bad design,negative
Not worth the money,negative
This completely failed my expectations,negative
I am very unhappy with this,negative
Worst purchase I have made,negative
It stopped working after one day,negative
Extremely dissatisfied,negative
I regret buying this,negative
Bad quality and slow delivery,negative
This product is useless,negative
Very poor performance,negative
I would not recommend this,negative
Waste of money,negative
Awful experience overall,negative
The product arrived damaged,negative
Customer service was rude,negative
Totally unacceptable quality,negative
This is not what was advertised,negative
Very frustrating to use,negative
I am disappointed with this product,negative
Low quality materials used,negative
Stopped working very quickly,negative
Not satisfied at all,negative
This was a terrible decision,negative
The worst service ever,negative
Complete waste of time,negative
